katie beckett waiver	1300	6.95	LOW
katie beckett medicaid	1300	6.95	LOW
katie beckett	1300	6.95	LOW
katie beckett waiver program	260	17.56	LOW
katie beckett waiver georgia	260	9.09	LOW
katie beckett waiver ga	260	9.09	LOW
katie beckett program	260	17.56	LOW
katie beckett medicaid georgia	260	9.09	LOW
katie beckett medicaid ga	260	9.09	LOW
katie beckett georgia	260	9.09	LOW
katie beckett ga	260	9.09	LOW
katie beckett application	260	17.56	LOW
georgia katie beckett	260	9.09	LOW
tefra	50	0	LOW
what is katie beckett medicaid	40	2.72	LOW
katie beckett program georgia	30	9.47	LOW
katie beckett income limits	30	0	LOW
katie beckett application georgia	30	9.47	LOW
how to apply for katie beckett in georgia	30	11.83	LOW
who qualifies for katie beckett	20	5.74	LOW
what is katie beckett	20	0	LOW
what does katie beckett cover in georgia	20	13.69	LOW
what does katie beckett cover	20	0	LOW
katie beckett renewal	20	0	LOW
katie beckett deeming waiver	20	0	LOW
what is the katie beckett waiver	10	0	LOW
tefra waiver	10	0	LOW
tefra medicaid	10	0	LOW
katie beckett waiver requirements	10	0	LOW
katie beckett insurance	10	0	LOW
katie beckett eligibility	10	0	LOW
katie beckett benefits	10	0	LOW
katie beckett autism	10	0	LOW
katie beckett application form	10	0	LOW
how to apply for katie beckett	10	0.1	LOW
does katie beckett cover dental	10	0	LOW
deeming waiver georgia	10	0	n/a
deeming waiver	10	0	LOW
apply for katie beckett georgia	10	2.88	LOW
apply for katie beckett	10	0	LOW
